{"cameraMode":{"drawMode":0,"name":"Shaded","section":"Shading Mode"},"sceneLighting":true,"audioPlay":false,"sceneViewState":{"showFog":true,"showMaterialUpdate":false,"showSkybox":true,"showFlares":true,"showImageEffects":true,"showParticleSystems":true,"showVisualEffectGraphs":true},"in2DMode":false,"pivot":{"x":18.022001266479493,"y":0.663236141204834,"z":0.13840126991271974},"rotation":{"x":-0.6296547651290894,"y":-0.09915138781070709,"z":0.08149289339780808,"w":-0.7661683559417725},"size":2.8578836917877199,"orthographic":false}